URL,Version,Status,OIDs,Name,Title,Description,Used
http://snomed.info/sct,http://snomed.info/sct/900000000000207008/version/20250201,active,"2.16.840.1.113883.6.96",SNOMED_CT,SNOMED CT core,"SNOMED CT is the most comprehensive and precise clinical health terminology product in the world, owned and distributed around the world by The International Health Terminology Standards Development Organisation (IHTSDO).",
http://terminology.hl7.org/CodeSystem/service-type,1.1.0,draft,"2.16.840.1.113883.4.642.1.1145",ServiceType,Service type,"This value set defines an example set of codes of service-types.",
https://mos.esante.gouv.fr/NOS/TRE_A00-ProducteurDocNonPS/FHIR/TRE-A00-ProducteurDocNonPS,20240329120000,active,"1.2.250.1.213.1.1.4.6",TRE_A00_ProducteurDocNonPS,,"Producteur de document non PS",
https://mos.esante.gouv.fr/NOS/TRE_A01-CadreExercice/FHIR/TRE-A01-CadreExercice,20240927120000,active,"1.2.250.1.213.1.1.4.9",TRE_A01_CadreExercice,,"Cadre d'exercice",
https://mos.esante.gouv.fr/NOS/TRE_A02-ProfessionSavFaire-CISIS/FHIR/TRE-A02-ProfessionSavFaire-CISIS,20241213120000,active,"1.2.250.1.213.1.1.4.5",TRE_A02_ProfessionSavFaire_CISIS,,"Profession et savoir-faire CI-SIS",
https://mos.esante.gouv.fr/NOS/TRE_A03-ClasseDocument/FHIR/TRE-A03-ClasseDocument,20231215120000,active,"1.2.250.1.213.1.1.4.1",TRE_A03_ClasseDocument,,"Classe de document",
https://mos.esante.gouv.fr/NOS/TRE_A05-TypeDocComplementaire/FHIR/TRE-A05-TypeDocComplementaire,20240329120000,active,"1.2.250.1.213.1.1.4.12",TRE_A05_TypeDocComplementaire,,"Type de document en complément des nomenclatures internationales",
https://mos.esante.gouv.fr/NOS/TRE_A06-FormatCodeComplementaire/FHIR/TRE-A06-FormatCodeComplementaire,20240726120000,active,"1.2.250.1.213.1.1.4.2.282",TRE_A06_FormatCodeComplementaire,,"formatCode en complément des nomenclatures internationales",
https://mos.esante.gouv.fr/NOS/TRE_A07-StatutVisibiliteDocument/FHIR/TRE-A07-StatutVisibiliteDocument,20231215120000,active,"1.2.250.1.213.1.1.4.13",TRE_A07_StatutVisibiliteDocument,,"Restriction d'audience applicable aux objets référencés",
https://mos.esante.gouv.fr/NOS/TRE_A08-HL7Confidentiality/FHIR/TRE-A08-HL7Confidentiality,20231215120000,active,"2.16.840.1.113883.5.25",TRE_A08_HL7Confidentiality,,"HL7 confidentiality",
https://mos.esante.gouv.fr/NOS/TRE_A09-DICOMuidRegistry/FHIR/TRE-A09-DICOMuidRegistry,20231215120000,active,"1.2.840.10008.2.6.1",TRE_A09_DICOMuidRegistry,,"DICOM UID Registry",
https://mos.esante.gouv.fr/NOS/TRE_A10-NomenclatureURN/FHIR/TRE-A10-NomenclatureURN,20231215120000,active,"URN",TRE_A10_NomenclatureURN,,"Nomenclature identifiée par URN",
https://mos.esante.gouv.fr/NOS/TRE_A11-IheFormatCode/FHIR/TRE-A11-IheFormatCode,20240426120000,active,"1.3.6.1.4.1.19376.1.2.3",TRE_A11_IheFormatCode,,"IHE formatCode",
https://mos.esante.gouv.fr/NOS/TRE_A12-NomenclatureASTM/FHIR/TRE-A12-NomenclatureASTM,20231215120000,active,"ASTM",TRE_A12_NomenclatureASTM,,"Nomenclature identifiée par ASTM",
https://mos.esante.gouv.fr/NOS/TRE_A13-HL7ParticipationType/FHIR/TRE-A13-HL7ParticipationType,20231215120000,active,"2.16.840.1.113883.5.90",TRE_A13_HL7ParticipationType,,"HL7 Type de participation",
https://mos.esante.gouv.fr/NOS/TRE_G00-Langue/FHIR/TRE-G00-Langue,20240927120000,active,"1.2.250.1.71.2.10",TRE_G00_Langue,,"Langue",
https://mos.esante.gouv.fr/NOS/TRE_G01-CategorieProduit/FHIR/TRE-G01-CategorieProduit,20231215120000,active,"1.2.250.1.71.1.2.5",TRE_G01_CategorieProduit,,"Catégorie de produit",
https://mos.esante.gouv.fr/NOS/TRE_G02-TypeProduit/FHIR/TRE-G02-TypeProduit,20231215120000,active,"1.2.250.1.71.1.2.2",TRE_G02_TypeProduit,,"Type de produit",
https://mos.esante.gouv.fr/NOS/TRE_G03-CiviliteCPx/FHIR/TRE-G03-CiviliteCPx,20231215120000,active,"1.2.250.1.71.1.2.11",TRE_G03_CiviliteCPx,,"Civilité (CPx)",
https://mos.esante.gouv.fr/NOS/TRE_G04-NiveauResponsabiliteCPx/FHIR/TRE-G04-NiveauResponsabiliteCPx,20231215120000,active,"1.2.250.1.71.1.2.12",TRE_G04_NiveauResponsabiliteCPx,,"Niveau de responsabilité (CPx)",
https://mos.esante.gouv.fr/NOS/TRE_G05-SousSectionTableauCNOP/FHIR/TRE-G05-SousSectionTableauCNOP,20231215120000,active,"1.2.250.1.71.4.2.6",TRE_G05_SousSectionTableauCNOP,,"Sous-Section du tableau de l'Ordre des Pharmaciens",
https://mos.esante.gouv.fr/NOS/TRE_G07-TypeIdentifiantStructure/FHIR/TRE-G07-TypeIdentifiantStructure,20240329120000,active,"1.2.250.1.71.1.2.14",TRE_G07_TypeIdentifiantStructure,,"Type d'identifiant de structure",
https://mos.esante.gouv.fr/NOS/TRE_G08-TypeIdentifiantPersonne/FHIR/TRE-G08-TypeIdentifiantPersonne,20240329120000,active,"1.2.250.1.71.1.2.15",TRE_G08_TypeIdentifiantPersonne,,"Type d'identifiant de personne",
https://mos.esante.gouv.fr/NOS/TRE_G09-DepartementOM/FHIR/TRE-G09-DepartementOM,20240628120000,active,"1.2.250.1.71.1.2.16",TRE_G09_DepartementOM,,"Référentiel des codes départements et collectivités d’outre-mer provenant du COG INSEE + Monaco",
https://mos.esante.gouv.fr/NOS/TRE_G100-Specialite-AM/FHIR/TRE-G100-Specialite-AM,20241025120000,active,"1.2.250.1.71.1.2.38",TRE_G100_Specialite_AM,,"Spécialité Assurance Maladie",
https://mos.esante.gouv.fr/NOS/TRE_G11-NatureQualificationADELI/FHIR/TRE-G11-NatureQualificationADELI,20231215120000,active,"1.2.250.1.71.1.2.17",TRE_G11_NatureQualificationADELI,,"Nature de qualification ADELI",
https://mos.esante.gouv.fr/NOS/TRE_G12-SpecialiteADELI/FHIR/TRE-G12-SpecialiteADELI,20240531120000,active,"1.2.250.1.71.1.2.18",TRE_G12_SpecialiteADELI,,"Spécialité ADELI",
https://mos.esante.gouv.fr/NOS/TRE_G13-OrientationParticuliere/FHIR/TRE-G13-OrientationParticuliere,20231215120000,active,"1.2.250.1.213.2.31",TRE_G13_OrientationParticuliere,,"Orientation particulière",
https://mos.esante.gouv.fr/NOS/TRE_G15-ProfessionSante/FHIR/TRE-G15-ProfessionSante,20250131120000,active,"1.2.250.1.71.1.2.7",TRE_G15_ProfessionSante,,"Professions de santé définies par le code de la santé publique",
https://mos.esante.gouv.fr/NOS/TRE_G16-ProfessionFormation/FHIR/TRE-G16-ProfessionFormation,20231215120000,active,"1.2.250.1.71.1.2.8",TRE_G16_ProfessionFormation,,"Professions en formation (carte CPF)",
https://mos.esante.gouv.fr/NOS/TRE_G17-ModeExerciceCPx/FHIR/TRE-G17-ModeExerciceCPx,20231215120000,active,"1.2.250.1.71.1.2.21",TRE_G17_ModeExerciceCPx,,"Mode d'exercice (CPx)",
https://mos.esante.gouv.fr/NOS/TRE_G18-AttributionParticuliereADELI/FHIR/TRE-G18-AttributionParticuliereADELI,20231215120000,active,"1.2.250.1.71.1.2.22",TRE_G18_AttributionParticuliereADELI,,"Attribution particulière ADELI",
https://mos.esante.gouv.fr/NOS/TRE_G19-SecteurActiviteADELI/FHIR/TRE-G19-SecteurActiviteADELI,20240726120000,active,"1.2.250.1.71.1.2.23",TRE_G19_SecteurActiviteADELI,,"Secteur d'activité ADELI",
https://mos.esante.gouv.fr/NOS/TRE_G20-Specialisation/FHIR/TRE-G20-Specialisation,20231215120000,active,"1.2.250.1.71.1.2.24",TRE_G20_Specialisation,,"Spécialisation",
https://mos.esante.gouv.fr/NOS/TRE_R01-EnsembleSavoirFaire-CISIS/FHIR/TRE-R01-EnsembleSavoirFaire-CISIS,20241213120000,active,"1.2.250.1.71.4.2.5",TRE_R01_EnsembleSavoirFaire_CISIS,,"Ensemble Savoir-faire CI-SIS (TRE provisoire)",
https://mos.esante.gouv.fr/NOS/TRE_R02-SecteurActivite/FHIR/TRE-R02-SecteurActivite,20241213120000,active,"1.2.250.1.71.4.2.4",TRE_R02_SecteurActivite,,"Le secteur d'activité de santé est une donnée RPPS et correspond au type de service fourni par une structure. Il sert principalement à déterminer les propriétés de facturation des professionnels de ces structures vis-à-vis de l'assurance maladie",
https://mos.esante.gouv.fr/NOS/TRE_R03-AttributionParticuliere/FHIR/TRE-R03-AttributionParticuliere,20231215120000,active,"1.2.250.1.71.1.2.27",TRE_R03_AttributionParticuliere,,"Attribution particulière",
https://mos.esante.gouv.fr/NOS/TRE_R04-TypeSavoirFaire/FHIR/TRE-R04-TypeSavoirFaire,20231215120000,active,"1.2.250.1.213.1.6.1.16",TRE_R04_TypeSavoirFaire,,"Type de savoir-faire",
https://mos.esante.gouv.fr/NOS/TRE_R06-SectionTableauCNOP/FHIR/TRE-R06-SectionTableauCNOP,20231215120000,active,"1.2.250.1.213.2.37",TRE_R06_SectionTableauCNOP,,"Section du tableau de l'Ordre des Pharmaciens",
https://mos.esante.gouv.fr/NOS/TRE_R09-CategorieProfessionnelle/FHIR/TRE-R09-CategorieProfessionnelle,20240426120000,active,"1.2.250.1.213.1.6.1.10",TRE_R09_CategorieProfessionnelle,,"Catégorie professionnelle",
https://mos.esante.gouv.fr/NOS/TRE_R10-SexeAdministratif/FHIR/TRE-R10-SexeAdministratif,20231215120000,active,"1.2.250.1.213.2.27",TRE_R10_SexeAdministratif,,"Sexe administratif",
https://mos.esante.gouv.fr/NOS/TRE_R11-CiviliteExercice/FHIR/TRE-R11-CiviliteExercice,20231215120000,active,"1.2.250.1.213.1.6.1.11",TRE_R11_CiviliteExercice,,"Civilité d'exercice",
https://mos.esante.gouv.fr/NOS/TRE_R13-CommuneOM/FHIR/TRE-R13-CommuneOM,20240628120000,active,"1.2.250.1.213.2.23",TRE_R13_CommuneOM,,"",
https://mos.esante.gouv.fr/NOS/TRE_R14-TypeDiplome/FHIR/TRE-R14-TypeDiplome,20240329120000,active,"1.2.250.1.213.1.6.1.36",TRE_R14_TypeDiplome,,"Type de diplôme",
https://mos.esante.gouv.fr/NOS/TRE_R16-LieuFormation/FHIR/TRE-R16-LieuFormation,20240927120000,active,"1.2.250.1.213.1.6.1.35",TRE_R16_LieuFormation,,"Lieu de formation",
https://mos.esante.gouv.fr/NOS/TRE_R17-TypeAutorisation/FHIR/TRE-R17-TypeAutorisation,20250131120000,active,"1.2.250.1.213.1.6.1.14",TRE_R17_TypeAutorisation,,"Type d'autorisation",
https://mos.esante.gouv.fr/NOS/TRE_R18-DisciplineAutorisation/FHIR/TRE-R18-DisciplineAutorisation,20231215120000,active,"1.2.250.1.213.1.6.1.67",TRE_R18_DisciplineAutorisation,,"Discipline d'autorisation",
https://mos.esante.gouv.fr/NOS/TRE_R20-Pays/FHIR/TRE-R20-Pays,20241213120000,active,"1.2.250.1.213.2.24",TRE_R20_Pays,,"Référentiel des codes pays provenant du COG INSEE",
https://mos.esante.gouv.fr/NOS/TRE_R200-CanalCommunication/FHIR/TRE-R200-CanalCommunication,20231215120000,active,"1.2.250.1.213.3.3.1",TRE_R200_CanalCommunication,,"Canal de communication",
https://mos.esante.gouv.fr/NOS/TRE_R201-TypeDivisionTerritoriale/FHIR/TRE-R201-TypeDivisionTerritoriale,20231215120000,active,"1.2.250.1.213.3.3.2",TRE_R201_TypeDivisionTerritoriale,,"Type de division territoriale",
https://mos.esante.gouv.fr/NOS/TRE_R202-AccessibiliteLieu/FHIR/TRE-R202-AccessibiliteLieu,20231215120000,active,"1.2.250.1.213.3.3.3",TRE_R202_AccessibiliteLieu,,"Niveaux d'accessibilité d'un établissement recevant du public (ERP)",
https://mos.esante.gouv.fr/NOS/TRE_R203-StatutLieu/FHIR/TRE-R203-StatutLieu,20231215120000,active,"1.2.250.1.213.3.3.4",TRE_R203_StatutLieu,,"Statut lieu",
https://mos.esante.gouv.fr/NOS/TRE_R204-DirectionLongitude/FHIR/TRE-R204-DirectionLongitude,20231215120000,active,"1.2.250.1.213.3.3.5",TRE_R204_DirectionLongitude,,"Direction longitude",
https://mos.esante.gouv.fr/NOS/TRE_R205-DirectionLatitude/FHIR/TRE-R205-DirectionLatitude,20231215120000,active,"1.2.250.1.213.3.3.6",TRE_R205_DirectionLatitude,,"Direction latitude",
https://mos.esante.gouv.fr/NOS/TRE_R206-TypeContact/FHIR/TRE-R206-TypeContact,20231215120000,active,"1.2.250.1.213.3.3.7",TRE_R206_TypeContact,,"Type de contact",
https://mos.esante.gouv.fr/NOS/TRE_R207-TypeOrganisationInterne/FHIR/TRE-R207-TypeOrganisationInterne,20231215120000,active,"1.2.250.1.213.3.3.8",TRE_R207_TypeOrganisationInterne,,"Type organisation interne",
https://mos.esante.gouv.fr/NOS/TRE_R208-ClasseAge/FHIR/TRE-R208-ClasseAge,20231215120000,active,"1.2.250.1.213.3.3.9",TRE_R208_ClasseAge,,"Classe d'âge",
https://mos.esante.gouv.fr/NOS/TRE_R209-TypeActivite/FHIR/TRE-R209-TypeActivite,20240223120000,active,"1.2.250.1.213.2.2",TRE_R209_TypeActivite,,"Type d'activité",
https://mos.esante.gouv.fr/NOS/TRE_R21-Fonction/FHIR/TRE-R21-Fonction,20240426120000,active,"1.2.250.1.213.1.6.1.17",TRE_R21_Fonction,,"Fonction",
https://mos.esante.gouv.fr/NOS/TRE_R210-ActeSpecifique/FHIR/TRE-R210-ActeSpecifique,20250131120000,active,"1.2.250.1.213.3.3.11",TRE_R210_ActeSpecifique,,"Action menée par un ou plusieurs acteur(s) de santé dans le cadre d'une activité. Cet acte peut correspondre à une technique spécialisée ou traduire une expertise discriminante dans le parcours de santé.",
https://mos.esante.gouv.fr/NOS/TRE_R211-ActiviteOperationnelle/FHIR/TRE-R211-ActiviteOperationnelle,20250131120000,active,"1.2.250.1.213.3.3.12",TRE_R211_ActiviteOperationnelle,,"Activite Operationnelle",
https://mos.esante.gouv.fr/NOS/TRE_R212-Equipement/FHIR/TRE-R212-Equipement,20250131120000,active,"1.2.250.1.213.3.3.10",TRE_R212_Equipement,,"Equipement",
https://mos.esante.gouv.fr/NOS/TRE_R213-ModePriseEnCharge/FHIR/TRE-R213-ModePriseEnCharge,20240329120000,active,"1.2.250.1.213.3.3.13",TRE_R213_ModePriseEnCharge,,"Mode de la prise en charge",
https://mos.esante.gouv.fr/NOS/TRE_R214-SpecialiteUnite/FHIR/TRE-R214-SpecialiteUnite,20241025120000,retired,"1.2.250.1.213.3.3.14",TRE_R214_SpecialiteUnite,,"Spécialité d'unité",
https://mos.esante.gouv.fr/NOS/TRE_R215-UniteTemps/FHIR/TRE-R215-UniteTemps,20231215120000,retired,"1.2.250.1.213.3.3.15",TRE_R215_UniteTemps,,"Unité de temps",
https://mos.esante.gouv.fr/NOS/TRE_R216-HL7RoleCode/FHIR/TRE-R216-HL7RoleCode,20241213120000,active,"2.16.840.1.113883.5.111",TRE_R216_HL7RoleCode,,"HL7 roleCode",
https://mos.esante.gouv.fr/NOS/TRE_R217-ProtectionJuridique/FHIR/TRE-R217-ProtectionJuridique,20231215120000,active,"1.2.250.1.213.1.1.4.327",TRE_R217_ProtectionJuridique,,"Protection juridique",
https://mos.esante.gouv.fr/NOS/TRE_R218-ModeAuthentification/FHIR/TRE-R218-ModeAuthentification,20231215120000,active,"1.2.250.1.213.1.1.4.323",TRE_R218_ModeAuthentification,,"Mode d'authentification",
https://mos.esante.gouv.fr/NOS/TRE_R219-AutreResponsableConsent/FHIR/TRE-R219-AutreResponsableConsent,20231215120000,active,"1.2.250.1.213.1.1.4.320",TRE_R219_AutreResponsableConsent,,"Autre responsable consentement",
https://mos.esante.gouv.fr/NOS/TRE_R22-GenreActivite/FHIR/TRE-R22-GenreActivite,20240329120000,active,"1.2.250.1.213.1.6.1.19",TRE_R22_GenreActivite,,"Genre d'activité",
https://mos.esante.gouv.fr/NOS/TRE_R220-ModeleDocumentCDAStructure/FHIR/TRE-R220-ModeleDocumentCDAStructure,20240726120000,active,"1.2.250.1.213.1.1.4.328",TRE_R220_ModeleDocumentCDAStructure,,"Identifiant des modèles de CDA structurés",
https://mos.esante.gouv.fr/NOS/TRE_R221-ModeleDocumentCDANonStructure/FHIR/TRE-R221-ModeleDocumentCDANonStructure,20231215120000,active,"1.2.250.1.213.1.1.4.329",TRE_R221_ModeleDocumentCDANonStructure,,"Identifiant des modèles de CDA non structurés",
https://mos.esante.gouv.fr/NOS/TRE_R222-MediaTypeCorpsCDANonStructure/FHIR/TRE-R222-MediaTypeCorpsCDANonStructure,20231215120000,active,"1.2.250.1.213.1.1.4.330",TRE_R222_MediaTypeCorpsCDANonStructure,,"Identifiant des modèles de CDA non structurés",
https://mos.esante.gouv.fr/NOS/TRE_R223-NatCycleForm/FHIR/TRE-R223-NatCycleForm,20231215120000,active,"1.2.250.1.213.1.6.1.115",TRE_R223_NatCycleForm,,"Nature du cycle de formation des étudiants",
https://mos.esante.gouv.fr/NOS/TRE_R224-NiveauFormAcquis/FHIR/TRE-R224-NiveauFormAcquis,20231215120000,active,"1.2.250.1.213.1.6.1.116",TRE_R224_NiveauFormAcquis,,"Niveaux de formation acquis dans le cycle de formation des étudiants",
https://mos.esante.gouv.fr/NOS/TRE_R225-AnneeUniversitaire/FHIR/TRE-R225-AnneeUniversitaire,20231215120000,active,"1.2.250.1.213.1.6.1.117",TRE_R225_AnneeUniversitaire,,"Année universitaire",
https://mos.esante.gouv.fr/NOS/TRE_R226-Dip2iemeCycleNQ/FHIR/TRE-R226-Dip2iemeCycleNQ,20231215120000,active,"1.2.250.1.213.1.6.1.118",TRE_R226_Dip2iemeCycleNQ,,"Diplôme de 2ième cycle non qualifiant",
https://mos.esante.gouv.fr/NOS/TRE_R227-ChampActivite/FHIR/TRE-R227-ChampActivite,20231215120000,active,"1.2.250.1.213.3.3.17",TRE_R227_ChampActivite,,"Champ d'activité",
https://mos.esante.gouv.fr/NOS/TRE_R228-UnitePrix/FHIR/TRE-R228-UnitePrix,20231215120000,active,"1.2.250.1.213.3.3.18",TRE_R228_UnitePrix,,"Unité de prix",
https://mos.esante.gouv.fr/NOS/TRE_R23-ModeExercice/FHIR/TRE-R23-ModeExercice,20231215120000,active,"1.2.250.1.213.1.6.1.18",TRE_R23_ModeExercice,,"Mode d'exercice",
https://mos.esante.gouv.fr/NOS/TRE_R230-Devise/FHIR/TRE-R230-Devise,20231215120000,active,"1.2.250.1.213.3.3.20",TRE_R230_Devise,,"Devise",
https://mos.esante.gouv.fr/NOS/TRE_R231-PalierAuthentification/FHIR/TRE-R231-PalierAuthentification,20231215120000,active,"1.2.250.1.213.1.5.1.1.1",TRE_R231_PalierAuthentification,,"Paliers des référentiels d'authentification de la PGSSI-S",
https://mos.esante.gouv.fr/NOS/TRE_R232-TypeFermetureEJ/FHIR/TRE-R232-TypeFermetureEJ,20231215120000,retired,"1.2.250.1.213.1.6.1.120",TRE_R232_TypeFermetureEJ,,"Type de fermeture de l'entité juridique FINESS",
https://mos.esante.gouv.fr/NOS/TRE_R233-TypeFermetureEG/FHIR/TRE-R233-TypeFermetureEG,20231215120000,retired,"1.2.250.1.213.1.6.1.121",TRE_R233_TypeFermetureEG,,"Type de fermeture de l'entité géographique FINESS",
https://mos.esante.gouv.fr/NOS/TRE_R234-TypeNote/FHIR/TRE-R234-TypeNote,20231215120000,active,"1.2.250.1.213.1.1.4.334",TRE_R234_TypeNote,,"Type de note",
https://mos.esante.gouv.fr/NOS/TRE_R236-ModeGestion/FHIR/TRE-R236-ModeGestion,20231215120000,active,"1.2.250.1.213.3.3.23",TRE_R236_ModeGestion,,"Mode gestion",
https://mos.esante.gouv.fr/NOS/TRE_R237-GroupeTarifaireDependance/FHIR/TRE-R237-GroupeTarifaireDependance,20231215120000,active,"1.2.250.1.213.3.3.25",TRE_R237_GroupeTarifaireDependance,,"Niveau de dépendance associé à un tarif",
https://mos.esante.gouv.fr/NOS/TRE_R238-OuvertureAnnuelle/FHIR/TRE-R238-OuvertureAnnuelle,20231215120000,active,"1.2.250.1.213.3.3.27",TRE_R238_OuvertureAnnuelle,,"Ouverture annuelle",
https://mos.esante.gouv.fr/NOS/TRE_R239-PublicPrisEnCharge/FHIR/TRE-R239-PublicPrisEnCharge,20240426120000,active,"1.2.250.1.213.3.3.29",TRE_R239_PublicPrisEnCharge,,"Public pris en charge",
https://mos.esante.gouv.fr/NOS/TRE_R24-TypeActiviteLiberale/FHIR/TRE-R24-TypeActiviteLiberale,20231215120000,active,"1.2.250.1.213.1.6.1.22",TRE_R24_TypeActiviteLiberale,,"Type d'activité libérale",
https://mos.esante.gouv.fr/NOS/TRE_R240-TemporaliteAccueil/FHIR/TRE-R240-TemporaliteAccueil,20231215120000,active,"1.2.250.1.213.3.3.31",TRE_R240_TemporaliteAccueil,,"Temporalité accueil",
https://mos.esante.gouv.fr/NOS/TRE_R241-AideFinanciere/FHIR/TRE-R241-AideFinanciere,20231215120000,active,"1.2.250.1.213.3.3.33",TRE_R241_AideFinanciere,,"Habilit. de l'EG permettant aux pers. accueillies d'avoir des aides financières",
https://mos.esante.gouv.fr/NOS/TRE_R242-TypeHabitation/FHIR/TRE-R242-TypeHabitation,20231215120000,active,"1.2.250.1.213.3.3.35",TRE_R242_TypeHabitation,,"Type habitation",
https://mos.esante.gouv.fr/NOS/TRE_R243-CompetenceSpecifique/FHIR/TRE-R243-CompetenceSpecifique,20240426120000,active,"1.2.250.1.213.3.3.37",TRE_R243_CompetenceSpecifique,,"Compétence spécifique",
https://mos.esante.gouv.fr/NOS/TRE_R244-CategorieOrganisation/FHIR/TRE-R244-CategorieOrganisation,20250131120000,active,"1.2.250.1.213.3.3.39",TRE_R244_CategorieOrganisation,,"Catégorie d'organisation",
https://mos.esante.gouv.fr/NOS/TRE_R245-SpecialisationDePriseEnCharge/FHIR/TRE-R245-SpecialisationDePriseEnCharge,20241025120000,active,"1.2.250.1.213.3.3.41",TRE_R245_SpecialisationDePriseEnCharge,,"Spécialisation de prise en charge",
https://mos.esante.gouv.fr/NOS/TRE_R246-TypeTarif/FHIR/TRE-R246-TypeTarif,20231215120000,active,"1.2.250.1.213.3.3.43",TRE_R246_TypeTarif,,"Type tarif",
https://mos.esante.gouv.fr/NOS/TRE_R248-ModeAcces/FHIR/TRE-R248-ModeAcces,20250131120000,active,"1.2.250.1.213.1.1.4.336",TRE_R248_ModeAcces,,"Mode d'accès pour accéder à un SI santé avec données patients",
https://mos.esante.gouv.fr/NOS/TRE_R249-Sexe/FHIR/TRE-R249-Sexe,20231215120000,active,"1.2.250.1.213.2.53",TRE_R249_Sexe,,"Sexe",
https://mos.esante.gouv.fr/NOS/TRE_R25-MotifFinActivite/FHIR/TRE-R25-MotifFinActivite,20231215120000,active,"1.2.250.1.213.1.6.1.20",TRE_R25_MotifFinActivite,,"Motif de fin d'activité",
https://mos.esante.gouv.fr/NOS/TRE_R250-ConditionTarifaire/FHIR/TRE-R250-ConditionTarifaire,20231215120000,active,"1.2.250.1.213.3.3.46",TRE_R250_ConditionTarifaire,,"Les conditions d'accès à un tarif modulé",
https://mos.esante.gouv.fr/NOS/TRE_R251-FonctionContact/FHIR/TRE-R251-FonctionContact,20250131120000,active,"1.2.250.1.213.3.3.48",TRE_R251_FonctionContact,,"Un titre, une position, une fonction de la personne contact dans l'organisation",
https://mos.esante.gouv.fr/NOS/TRE_R252-TypeHoraire/FHIR/TRE-R252-TypeHoraire,20241025120000,active,"1.2.250.1.213.3.3.50",TRE_R252_TypeHoraire,,"Type horaire",
https://mos.esante.gouv.fr/NOS/TRE_R253-TypeMaternite/FHIR/TRE-R253-TypeMaternite,20231215120000,active,"1.2.250.1.213.3.3.52",TRE_R253_TypeMaternite,,"Type de maternité",
https://mos.esante.gouv.fr/NOS/TRE_R254-TypeEvenement/FHIR/TRE-R254-TypeEvenement,20240329120000,active,"1.2.250.1.213.1.1.4.337",TRE_R254_TypeEvenement,,"Liste de types d'évènement",
https://mos.esante.gouv.fr/NOS/TRE_R255-FluxStandardise/FHIR/TRE-R255-FluxStandardise,20231215120000,active,"1.2.250.1.213.1.1.4.338",TRE_R255_FluxStandardise,,"Liste de flux standardisés",
https://mos.esante.gouv.fr/NOS/TRE_R256-TypeMessagerie/FHIR/TRE-R256-TypeMessagerie,20231215120000,active,"1.2.250.1.213.3.3.54",TRE_R256_TypeMessagerie,,"Type de messagerie électronique",
https://mos.esante.gouv.fr/NOS/TRE_R257-TypeBAL/FHIR/TRE-R257-TypeBAL,20231215120000,active,"1.2.250.1.213.3.3.55",TRE_R257_TypeBAL,,"Type de boîte aux lettres",
https://mos.esante.gouv.fr/NOS/TRE_R258-RelationPriseCharge/FHIR/TRE-R258-RelationPriseCharge,20240126120000,active,"1.2.250.1.213.1.1.4.2.280",TRE_R258_RelationPriseCharge,,"Relation dans la prise en charge du patient",
https://mos.esante.gouv.fr/NOS/TRE_R259-HL7ParticipationFunction/FHIR/TRE-R259-HL7ParticipationFunction,20231215120000,active,"2.16.840.1.113883.5.88",TRE_R259_HL7ParticipationFunction,,"Rôles fonctionnels HL7",
https://mos.esante.gouv.fr/NOS/TRE_R260-HL7RoleClass/FHIR/TRE-R260-HL7RoleClass,20240426120000,active,"2.16.840.1.113883.5.110",TRE_R260_HL7RoleClass,,"Rôle de la personne point de contact auprès d'une autre personne repris de la terminologie HL7 v3 RoleClass (https://www.hl7.org/fhir/v3/RoleClass/cs.html)",
https://mos.esante.gouv.fr/NOS/TRE_R261-AutreSalarieStructureSante/FHIR/TRE-R261-AutreSalarieStructureSante,20231215120000,active,"1.2.250.1.213.1.6.1.122",TRE_R261_AutreSalarieStructureSante,,"Autre salariés d'une structure de santé",
https://mos.esante.gouv.fr/NOS/TRE_R262-CategorieSocioProfessionnelle/FHIR/TRE-R262-CategorieSocioProfessionnelle,20231215120000,active,"1.2.250.1.213.1.6.1.123",TRE_R262_CategorieSocioProfessionnelle,,"Catégories socio-professionnelles",
https://mos.esante.gouv.fr/NOS/TRE_R263-TypeNumeroIdentification/FHIR/TRE-R263-TypeNumeroIdentification,20231215120000,active,"1.2.250.1.213.3.3.57",TRE_R263_TypeNumeroIdentification,,"Type de numéro d'identification",
https://mos.esante.gouv.fr/NOS/TRE_R264-PrestationNonObligatoireIncluse/FHIR/TRE-R264-PrestationNonObligatoireIncluse,20231215120000,active,"1.2.250.1.213.3.3.59",TRE_R264_PrestationNonObligatoireIncluse,,"Prestations non obligatoire incluses",
https://mos.esante.gouv.fr/NOS/TRE_R266-FamilleActiviteOperationnelleHorsSerafin/FHIR/TRE-R266-FamilleActiviteOperationnelleHorsSerafin,20231215120000,active,"1.2.250.1.213.3.3.61",TRE_R266_FamilleActiviteOperationnelleHorsSerafin,,"Familles activités opérationnelles hors Serafin",
https://mos.esante.gouv.fr/NOS/TRE_R267-SexeProvenanceISO/FHIR/TRE-R267-SexeProvenanceISO,20231215120000,active,"1.2.250.1.213.2.55",TRE_R267_SexeProvenanceISO,,"Codes de représentation des sexes humains provenant de la norme ISO 5218",
https://mos.esante.gouv.fr/NOS/TRE_R268-PaysProvenanceISO/FHIR/TRE-R268-PaysProvenanceISO,20240126120000,active,"1.2.250.1.213.2.57",TRE_R268_PaysProvenanceISO,,"Référentiel des pays provenant de la norme ISO 3166",
https://mos.esante.gouv.fr/NOS/TRE_R269-AvailabilityStatusProvenanceOasis/FHIR/TRE-R269-AvailabilityStatusProvenanceOasis,20231215120000,active,"1.2.250.1.213.1.1.4.341",TRE_R269_AvailabilityStatusProvenanceOasis,,"Statut de l'objet provenant de la norme Oasis",
https://mos.esante.gouv.fr/NOS/TRE_R270-AvailabilityStatus/FHIR/TRE-R270-AvailabilityStatus,20231215120000,active,"1.2.250.1.213.1.1.4.342",TRE_R270_AvailabilityStatus,,"Statut de l'objet",
https://mos.esante.gouv.fr/NOS/TRE_R271-TypeRequete/FHIR/TRE-R271-TypeRequete,20231215120000,active,"1.2.250.1.213.1.1.4.11",TRE_R271_TypeRequete,,"Code de type requêtes",
https://mos.esante.gouv.fr/NOS/TRE_R272-EquipementMaterielLourd/FHIR/TRE-R272-EquipementMaterielLourd,20231215120000,active,"1.2.250.1.213.1.6.1.124",TRE_R272_EquipementMaterielLourd,,"Equipements Matériels Lourds",
https://mos.esante.gouv.fr/NOS/TRE_R274-ActiviteSanitaireRegulee/FHIR/TRE-R274-ActiviteSanitaireRegulee,20231215120000,active,"1.2.250.1.213.1.6.1.126",TRE_R274_ActiviteSanitaireRegulee,,"Activités sanitaires soumises à une régulation de la part de l'ARS",
https://mos.esante.gouv.fr/NOS/TRE_R275-ModaliteActivite/FHIR/TRE-R275-ModaliteActivite,20231215120000,active,"1.2.250.1.213.1.6.1.127",TRE_R275_ModaliteActivite,,"Mode d'application ou type de soins encadrant une activité",
https://mos.esante.gouv.fr/NOS/TRE_R276-FormeActivite/FHIR/TRE-R276-FormeActivite,20240329120000,active,"1.2.250.1.213.1.6.1.128",TRE_R276_FormeActivite,,"Type d'organisation de prise en charge",
https://mos.esante.gouv.fr/NOS/TRE_R277-CategorieActiviteSanitaireRegulee/FHIR/TRE-R277-CategorieActiviteSanitaireRegulee,20231215120000,active,"1.2.250.1.213.1.6.1.129",TRE_R277_CategorieActiviteSanitaireRegulee,,"Types d'activités autorisées",
https://mos.esante.gouv.fr/NOS/TRE_R278-FinessConvention/FHIR/TRE-R278-FinessConvention,20250131120000,active,"1.2.250.1.213.1.6.1.131",TRE_R278_FinessConvention,,"Convention du domaine social FINESS",
https://mos.esante.gouv.fr/NOS/TRE_R279-Clientele/FHIR/TRE-R279-Clientele,20240927120000,active,"1.2.250.1.213.1.6.1.132",TRE_R279_Clientele,,"Clientèles",
https://mos.esante.gouv.fr/NOS/TRE_R280-DisciplineEquipementSocial/FHIR/TRE-R280-DisciplineEquipementSocial,20231215120000,active,"1.2.250.1.213.1.6.1.133",TRE_R280_DisciplineEquipementSocial,,"Disciplines d'équipement pour le social",
https://mos.esante.gouv.fr/NOS/TRE_R281-DisciplineEnseignement/FHIR/TRE-R281-DisciplineEnseignement,20240329120000,active,"1.2.250.1.213.1.6.1.134",TRE_R281_DisciplineEnseignement,,"Disciplines pour l'enseignement",
https://mos.esante.gouv.fr/NOS/TRE_R282-CNAMAmeliSecteurConventionnement/FHIR/TRE-R282-CNAMAmeliSecteurConventionnement,20231215120000,active,"1.2.250.1.213.1.6.1.135",TRE_R282_CNAMAmeliSecteurConventionnement,,"Secteur de conventionnement du professionnel libéral par la CNAM extracts ameli",
https://mos.esante.gouv.fr/NOS/TRE_R283-NiveauConfidentialite/FHIR/TRE-R283-NiveauConfidentialite,20231215120000,active,"1.2.250.1.213.1.1.4.344",TRE_R283_NiveauConfidentialite,,"Niveau de restriction d'accès",
https://mos.esante.gouv.fr/NOS/TRE_R284-NiveauRecoursORSAN/FHIR/TRE-R284-NiveauRecoursORSAN,20231215120000,active,"1.2.250.1.213.1.1.4.345",TRE_R284_NiveauRecoursORSAN,,"Hiérarchisation fonctionnelle des Éts pour accueil patients après le SAMU",
https://mos.esante.gouv.fr/NOS/TRE_R285-TraitementDocument/FHIR/TRE-R285-TraitementDocument,20231215120000,active,"1.2.250.1.213.1.1.4.346",TRE_R285_TraitementDocument,,"Traitement du document",
https://mos.esante.gouv.fr/NOS/TRE_R286-TypeFermeture/FHIR/TRE-R286-TypeFermeture,20231215120000,active,"1.2.250.1.213.1.6.1.136",TRE_R286_TypeFermeture,,"Type de fermeture, codes provenant du FINESS pour les EJ et EG",
https://mos.esante.gouv.fr/NOS/TRE_R287-NatureContact/FHIR/TRE-R287-NatureContact,20241213120000,active,"1.2.250.1.213.3.3.67",TRE_R287_NatureContact,,"Un service ou un guichet assurant le contact au sein de l'organisation",
https://mos.esante.gouv.fr/NOS/TRE_R288-TypeProfession/FHIR/TRE-R288-TypeProfession,20231215120000,active,"1.2.250.1.213.1.6.1.137",TRE_R288_TypeProfession,,"Type de profession",
https://mos.esante.gouv.fr/NOS/TRE_R289-TypeFonction/FHIR/TRE-R289-TypeFonction,20231215120000,active,"1.2.250.1.213.1.6.1.138",TRE_R289_TypeFonction,,"Type de fonction",
https://mos.esante.gouv.fr/NOS/TRE_R290-RoleAdmTechSanitaireSocial/FHIR/TRE-R290-RoleAdmTechSanitaireSocial,20231215120000,active,"1.2.250.1.213.1.6.1.139",TRE_R290_RoleAdmTechSanitaireSocial,,"Rôle administratif et-ou technique des domaines sanitaire et social",
https://mos.esante.gouv.fr/NOS/TRE_R291-AutreProfession/FHIR/TRE-R291-AutreProfession,20231215120000,active,"1.2.250.1.213.1.6.1.140",TRE_R291_AutreProfession,,"Liste de professionnels non membres d'une profession réglementée",
https://mos.esante.gouv.fr/NOS/TRE_R292-INSEECategorieSocioProfessionnelleAgrNiv1/FHIR/TRE-R292-INSEECategorieSocioProfessionnelleAgrNiv1,20231215120000,active,"1.2.250.1.213.1.6.1.181",TRE_R292_INSEECategorieSocioProfessionnelleAgrNiv1,,"Codes de niveau 1 des catégories socio-professionnelles de l'INSEE",
https://mos.esante.gouv.fr/NOS/TRE_R293-AgregatClienteleNiv2/FHIR/TRE-R293-AgregatClienteleNiv2,20231215120000,active,"1.2.250.1.213.1.6.1.192",TRE_R293_AgregatClienteleNiv2,,"Agrégats de clientèle niveau 2",
https://mos.esante.gouv.fr/NOS/TRE_R294-AgregatClienteleNiv3/FHIR/TRE-R294-AgregatClienteleNiv3,20231215120000,active,"1.2.250.1.213.1.6.1.193",TRE_R294_AgregatClienteleNiv3,,"Agrégats de clientèle niveau 3",
https://mos.esante.gouv.fr/NOS/TRE_R295-AgregatDisciplineEnseignNiv1/FHIR/TRE-R295-AgregatDisciplineEnseignNiv1,20231215120000,active,"1.2.250.1.213.1.6.1.195",TRE_R295_AgregatDisciplineEnseignNiv1,,"Agrégats de disciplines pour l'enseignement niveau 1",
https://mos.esante.gouv.fr/NOS/TRE_R296-AgregatDisciplineEnseignNiv2/FHIR/TRE-R296-AgregatDisciplineEnseignNiv2,20231215120000,active,"1.2.250.1.213.1.6.1.196",TRE_R296_AgregatDisciplineEnseignNiv2,,"Agrégats de disciplines pour l'enseignement niveau 2",
https://mos.esante.gouv.fr/NOS/TRE_R297-AgregatDisciplineEnseignNiv3/FHIR/TRE-R297-AgregatDisciplineEnseignNiv3,20231215120000,active,"1.2.250.1.213.1.6.1.197",TRE_R297_AgregatDisciplineEnseignNiv3,,"Agrégats de disciplines pour l'enseignement niveau 3",
https://mos.esante.gouv.fr/NOS/TRE_R298-AgregatDisciplineEquipSocNiv1/FHIR/TRE-R298-AgregatDisciplineEquipSocNiv1,20231215120000,active,"1.2.250.1.213.1.6.1.202",TRE_R298_AgregatDisciplineEquipSocNiv1,,"Agrégats de disciplines d'équipement pour le social niveau 1",
https://mos.esante.gouv.fr/NOS/TRE_R299-AgregatDisciplineEquipSocNiv2/FHIR/TRE-R299-AgregatDisciplineEquipSocNiv2,20231215120000,active,"1.2.250.1.213.1.6.1.203",TRE_R299_AgregatDisciplineEquipSocNiv2,,"Agrégats de disciplines d'équipement pour le social niveau 2",
https://mos.esante.gouv.fr/NOS/TRE_R30-RegionOM/FHIR/TRE-R30-RegionOM,20240628120000,active,"1.2.250.1.213.2.25",TRE_R30_RegionOM,,"Référentiel des codes régions et collectivités d'outre-mer provenant du COG INSEE + Monaco",
https://mos.esante.gouv.fr/NOS/TRE_R300-AgregatDisciplineEquipSocNiv3/FHIR/TRE-R300-AgregatDisciplineEquipSocNiv3,20231215120000,active,"1.2.250.1.213.1.6.1.204",TRE_R300_AgregatDisciplineEquipSocNiv3,,"Agrégats de disciplines d'équipement pour le social niveau 3",
https://mos.esante.gouv.fr/NOS/TRE_R301-SourceInformationInstallation/FHIR/TRE-R301-SourceInformationInstallation,20231215120000,active,"1.2.250.1.213.1.6.1.208",TRE_R301_SourceInformationInstallation,,"Sources d'information possible concernant l'installation de l'activité sociale",
https://mos.esante.gouv.fr/NOS/TRE_R302-ContexteCodeComplementaire/FHIR/TRE-R302-ContexteCodeComplementaire,20240426120000,active,"1.2.250.1.213.3.3.70",TRE_R302_ContexteCodeComplementaire,,"Liste des codes complémentaires utilisables dans un contexte particulier",
https://mos.esante.gouv.fr/NOS/TRE_R303-HL7v3AdministrativeGender/FHIR/TRE-R303-HL7v3AdministrativeGender,20231215120000,active,"2.16.840.1.113883.5.1",TRE_R303_HL7v3AdministrativeGender,,"Sexe d'une personne utilisée à des fins administratives (par opposition au sexe clinique) repris de la terminologie HL7 v3 AdministrativeGender (https://www.hl7.org/fhir/v3/AdministrativeGender/cs.html)",
https://mos.esante.gouv.fr/NOS/TRE_R304-HL7v3ActCode/FHIR/TRE-R304-HL7v3ActCode,20231215120000,active,"2.16.840.1.113883.5.4",TRE_R304_HL7v3ActCode,,"Type de prise en charge repris de la terminologie HL7 v3 ActCode (https://www.hl7.org/fhir/v3/ActCode/cs.html)",
https://mos.esante.gouv.fr/NOS/TRE_R305-TypeRencontre/FHIR/TRE-R305-TypeRencontre,20231215120000,active,"1.2.250.1.213.1.1.4.2.291",TRE_R305_TypeRencontre,,"Type de rencontre",
https://mos.esante.gouv.fr/NOS/TRE_R31-StatutEtatCivil/FHIR/TRE-R31-StatutEtatCivil,20250131120000,active,"1.2.250.1.213.1.6.1.9",TRE_R31_StatutEtatCivil,,"Status de l'état civil",
https://mos.esante.gouv.fr/NOS/TRE_R314-TypeCreneau/FHIR/TRE-R314-TypeCreneau,20240726120000,active,"1.2.250.1.213.3.3.71",TRE_R314_TypeCreneau,,"Type de créneaux de soins définis par un professionnel de santé ou son délégataire dans son logiciel de prise de RDV selon la visibilité associée",
https://mos.esante.gouv.fr/NOS/TRE_R316-AutreCategorieEtablissement/FHIR/TRE-R316-AutreCategorieEtablissement,20240329120000,active,"1.2.250.1.213.1.6.1.239",TRE_R316_AutreCategorieEtablissement,,"Cette table de référence permet d'identifier des catégories d'établissements qui ne sont pas présentes dans la TRE R66 qui est une table de référence ne listant que les catégories d'établissements présentes dans le FINESS",
https://mos.esante.gouv.fr/NOS/TRE_R317-SituationVieQuotidienne/FHIR/TRE-R317-SituationVieQuotidienne,20240329120000,active,"1.2.250.1.213.3.3.72",TRE_R317_SituationVieQuotidienne,,"Caractérise la situation de vie de la personne : vit seule ou avec d'autres personnes",
https://mos.esante.gouv.fr/NOS/TRE_R318-BesoinAideMobilite/FHIR/TRE-R318-BesoinAideMobilite,20240329120000,active,"1.2.250.1.213.3.3.73",TRE_R318_BesoinAideMobilite,,"Caractérise les besoins d'aide de la personne en matière de mobilité",
https://mos.esante.gouv.fr/NOS/TRE_R319-BesoinAideVieSociales/FHIR/TRE-R319-BesoinAideVieSociale,20240329120000,active,"1.2.250.1.213.3.3.74",TRE_R319_BesoinAideVieSociale,,"Caractérise les besoins d'aide de la personne en matière de vie sociale",
https://mos.esante.gouv.fr/NOS/TRE_R32-StatutHospitalier/FHIR/TRE-R32-StatutHospitalier,20231215120000,active,"1.2.250.1.213.1.6.1.21",TRE_R32_StatutHospitalier,,"Statut hospitalier",
https://mos.esante.gouv.fr/NOS/TRE_R320-BesoinCommunication/FHIR/TRE-R320-BesoinCommunication,20240329120000,active,"1.2.250.1.213.3.3.75",TRE_R320_BesoinCommunication,,"Caractérise les besoins d'aide de la personne en matière de scolarité, en lien avec la communication",
https://mos.esante.gouv.fr/NOS/TRE_R321-BesoinEntretienPersonnel/FHIR/TRE-R321-BesoinEntretienPersonnel,20240329120000,active,"1.2.250.1.213.3.3.76",TRE_R321_BesoinEntretienPersonnel,,"Caractérise les besoins d'aide de la personne en matière de scolarité, en lien avec l'entretien personnel",
https://mos.esante.gouv.fr/NOS/TRE_R322-BesoinMobilite/FHIR/TRE-R322-BesoinMobilite,20240329120000,active,"1.2.250.1.213.3.3.77",TRE_R322_BesoinMobilite,,"Caractérise les besoins d'aide de la personne en matière de scolarité, en lien avec la mobilité",
https://mos.esante.gouv.fr/NOS/TRE_R323-BesoinScolarite/FHIR/TRE-R323-BesoinScolarite,20240329120000,active,"1.2.250.1.213.3.3.78",TRE_R323_BesoinScolarite,,"Caractérise les besoins d'aide de la personne en matière de scolarité, en lien avec les apprentissages",
https://mos.esante.gouv.fr/NOS/TRE_R324-BesoinSoutienProjetProfessionnel/FHIR/TRE-R324-BesoinSoutienProjetProfessionnel,20240329120000,active,"1.2.250.1.213.3.3.79",TRE_R324_BesoinSoutienProjetProfessionnel,,"Cette nomenclature permet de préciser le besoin du demandeur quant à l'établissement de son ou ses projet(s) professionnel(s)",
https://mos.esante.gouv.fr/NOS/TRE_R325-SituationProfessionnelle/FHIR/TRE-R325-SituationProfessionnelle,20240329120000,active,"1.2.250.1.213.3.3.80",TRE_R325_SituationProfessionnelle,,"Caractérise la situation professionnelle de la personne",
https://mos.esante.gouv.fr/NOS/TRE_R326-SituationSansEmploi/FHIR/TRE-R326-SituationSansEmploi,20240329120000,active,"1.2.250.1.213.3.3.81",TRE_R326_SituationSansEmploi,,"Caractérise la situation de la personne lorsqu'elle est sans emploi",
https://mos.esante.gouv.fr/NOS/TRE_R327-TypeDecision/FHIR/TRE-R327-TypeDecision,20240329120000,active,"1.2.250.1.213.3.3.82",TRE_R327_TypeDecision,,"Caractérise le type de décision prise par la CDAPH en réponse à une demande de compensation d'un usager (individu ou représentant légal), à une demande de révision par un tiers ou à un recours administratif préalable obligatoire (RAPO) d'un usager",
https://mos.esante.gouv.fr/NOS/TRE_R328-TypeScolarisation/FHIR/TRE-R328-TypeScolarisation,20240329120000,active,"1.2.250.1.213.3.3.83",TRE_R328_TypeScolarisation,,"Caractérise la situation scolaire de la personne",
https://mos.esante.gouv.fr/NOS/TRE_R329-NatureCapacite/FHIR/TRE-R329-NatureCapacite,20231215120000,active,"1.2.250.1.213.3.3.212",TRE_R329_NatureCapacite,,"Permet d'indiquer si la capacité est exprimée en lits ou en places",
https://mos.esante.gouv.fr/NOS/TRE_R33-StatutInscription/FHIR/TRE-R33-StatutInscription,20231215120000,active,"1.2.250.1.213.1.6.1.12",TRE_R33_StatutInscription,,"Statut de l'inscription",
https://mos.esante.gouv.fr/NOS/TRE_R330-TypeStatutCapacite/FHIR/TRE-R330-TypeStatutCapacite,20250131120000,active,"1.2.250.1.213.3.3.213",TRE_R330_TypeStatutCapacite,,"Permet de préciser le statut des lits décrits",
https://mos.esante.gouv.fr/NOS/TRE_R331-TemporaliteCapacite/FHIR/TRE-R331-TemporaliteCapacite,20231215120000,active,"1.2.250.1.213.3.3.214",TRE_R331_TemporaliteCapacite,,"Sert à indiquer le moment où une capacité sera effective. Il est ainsi possible de décrire la situation immédiate ou de fournir une information prospective de capacités, prenant notamment en compte les entrées et sorties déjà identifiés de patients",
https://mos.esante.gouv.fr/NOS/TRE_R332-GenreCapacite/FHIR/TRE-R332-GenreCapacite,20231215120000,active,"1.2.250.1.213.3.3.215",TRE_R332_GenreCapacite,,"Permet d'indiquer le genre des patients qui peuvent être installés dans des lits disponibles",
https://mos.esante.gouv.fr/NOS/TRE_R333-TypeFermetureCapacite/FHIR/TRE-R333-TypeFermetureCapacite,20231215120000,active,"1.2.250.1.213.3.3.216",TRE_R333_TypeFermetureCapacite,,"Permet d'indiquer le statut de lits fermés, afin d'identifier le nombre de lits fermés qui peuvent être réactivés en cas de besoin et le nombre de ceux qui ne peuvent pas l'être",
https://mos.esante.gouv.fr/NOS/TRE_R334-TypeLitSupplementaire/FHIR/TRE-R334-TypeLitSupplementaire,20231215120000,active,"1.2.250.1.213.3.3.217",TRE_R334_TypeLitSupplementaire,,"Permet d'indiquer le statut de lits supplémentaires, pour identifier le nombre de lits supplémentaires déjà mobilisés et, par typologie de mobilisation possible, le nombre de lits qui ne le sont pas encore",
https://mos.esante.gouv.fr/NOS/TRE_R335-TypeSourceCapacite/FHIR/TRE-R335-TypeSourceCapacite,20231215120000,active,"1.2.250.1.213.3.3.218",TRE_R335_TypeSourceCapacite,,"Permet d'indiquer quel type de source est à l'origine de l'information de capacité",
https://mos.esante.gouv.fr/NOS/TRE_R336-TypeCrise/FHIR/TRE-R336-TypeCrise,20231215120000,active,"1.2.250.1.213.3.3.219",TRE_R336_TypeCrise,,"Permet d'indiquer le type de crise qui permet de mobiliser le nombre de lits supplémentaires décrits",
https://mos.esante.gouv.fr/NOS/TRE_R337-AffectationTemporaire/FHIR/TRE-R337-AffectationTemporaire,20231215120000,active,"1.2.250.1.213.3.3.220",TRE_R337_AffectationTemporaire,,"Permet d'indiquer la réservation de tout ou partie des lits d'une zone d'hébergement pour des patients selon qu'ils soient -ou non- concernés par une pathologie (Covid+, Covid-, …) ou un évènement (catastrophe naturelle, attentat, …)",
https://mos.esante.gouv.fr/NOS/TRE_R338-ModaliteAccueil/FHIR/TRE-R338-ModaliteAccueil,20250131120000,active,"1.2.250.1.213.3.3.221",TRE_R338_ModaliteAccueil,,"Modalités d'accueil",
https://mos.esante.gouv.fr/NOS/TRE_R34-StatutProfessionnelSSA/FHIR/TRE-R34-StatutProfessionnelSSA,20231215120000,active,"1.2.250.1.213.1.6.1.23",TRE_R34_StatutProfessionnelSSA,,"Statut du professionnel au SSA",
https://mos.esante.gouv.fr/NOS/TRE_R340-TypeCaracteristiqueEquipement/FHIR/TRE-R340-TypeCaracteristiqueEquipement,20240329120000,active,"1.2.250.1.213.3.3.223",TRE_R340_TypeCaracteristiqueEquipement,,"Type de caractéristique de l'équipement",
https://mos.esante.gouv.fr/NOS/TRE_R341-StatutCommunication/FHIR/TRE-R341-StatutCommunication,20231215120000,active,"1.2.250.1.213.3.3.226",TRE_R341_StatutCommunication,,"Permet de donner une indication pour savoir une action doit être menée ou de son résultat lorsqu'elle a été menée",
https://mos.esante.gouv.fr/NOS/TRE_R342-XdsTypesIdentifiantsReferenceId/FHIR/TRE-R342-XdsTypesIdentifiantsReferenceId,20231215120000,active,"1.2.250.1.213.1.1.4.347",TRE_R342_XdsTypesIdentifiantsReferenceId,,"Types d'identifiants utilisés dans la métadonnée XDS referenceIdList de la fiche du document. Ces types d'identifiants sont spécifiés dans une terminologie incluse dans le profil XDS dans le Cadre Technique d'IHE IT Infrastructure.",
https://mos.esante.gouv.fr/NOS/TRE_R343-FonctionLieu/FHIR/TRE-R343-FonctionLieu,20231215120000,active,"1.2.250.1.213.3.3.227",TRE_R343_FonctionLieu,,"Destination d'usage du lieu",
https://mos.esante.gouv.fr/NOS/TRE_R344-NiveauExpertise/FHIR/TRE-R344-NiveauExpertise,20250131120000,active,"1.2.250.1.213.3.3.228",TRE_R344_NiveauExpertise,,"Le niveau d'expertise atteste du niveau de ressources humaines et matérielles engagées dans la réalisation de l'offre et défini dans un cahier des charges officiel.",
https://mos.esante.gouv.fr/NOS/TRE_R345-TypeIdentifiantAutre/FHIR/TRE-R345-TypeIdentifiantAutre,20240329120000,active,"1.2.250.1.213.3.3.229",TRE_R345_TypeIdentifiantAutre,,"Autre Type d'identifiant",
https://mos.esante.gouv.fr/NOS/TRE_R348-FormationSpecialiseeTransversale/FHIR/TRE-R348-FormationSpecialiseeTransversale,20231215120000,active,"1.2.250.1.213.1.6.1.251",TRE_R348_FormationSpecialiseeTransversale,,"Formation Spécialisée Transversale (FST)",
https://mos.esante.gouv.fr/NOS/TRE_R349-ActionAnomalie/FHIR/TRE-R349-ActionAnomalie,20231215120000,active,"1.2.250.1.213.3.3.239",TRE_R349_ActionAnomalie,,"Action attendue dans le cadre de la gestion d'une anomalie",
https://mos.esante.gouv.fr/NOS/TRE_R35-TypeVoie/FHIR/TRE-R35-TypeVoie,20231215120000,retired,"1.2.250.1.213.2.44",TRE_R35_TypeVoie,,"Type de voie",
https://mos.esante.gouv.fr/NOS/TRE_R350-ThematiqueAnomalie/FHIR/TRE-R350-ThematiqueAnomalie,20231215120000,active,"1.2.250.1.213.3.3.240",TRE_R350_ThematiqueAnomalie,,"Thématique caractérisant une anomalie",
https://mos.esante.gouv.fr/NOS/TRE_R352-StatutMetierAnomalie/FHIR/TRE-R352-StatutMetierAnomalie,20231215120000,active,"1.2.250.1.213.3.3.242",TRE_R352_StatutMetierAnomalie,,"Statut métier des anomalies",
https://mos.esante.gouv.fr/NOS/TRE_R354-TypeIdentifiantRessourceOperationnelle/FHIR/TRE-R354-TypeIdentifiantRessourceOperationnelle,20240329120000,active,"1.2.250.1.213.3.3.244",TRE_R354_TypeIdentifiantRessourceOperationnelle,,"Type d'identifiant des ressources opérationnelles",
https://mos.esante.gouv.fr/NOS/TRE_R355-TypeIdentifiantOffre/FHIR/TRE-R355-TypeIdentifiantOffre,20240329120000,active,"1.2.250.1.213.3.3.245",TRE_R355_TypeIdentifiantOffre,,"Type d'identifiant de l'offre",
https://mos.esante.gouv.fr/NOS/TRE_R356-ProfessionRessource/FHIR/TRE-R356-ProfessionRessource,20240426120000,active,"1.2.250.1.213.3.3.246",TRE_R356_ProfessionRessource,,"Profession Ressource",
https://mos.esante.gouv.fr/NOS/TRE_R357-StatutPersonnePriseCharge/FHIR/TRE-R357-StatutPersonnePriseCharge,20231215120000,active,"1.2.250.1.213.3.3.247",TRE_R357_StatutPersonnePriseCharge,,"Statut de la personne prise en charge.",
https://mos.esante.gouv.fr/NOS/TRE_R358-MotifStatutPersonnePriseCharge/FHIR/TRE-R358-MotifStatutPersonnePriseCharge,20231215120000,active,"1.2.250.1.213.3.3.248",TRE_R358_MotifStatutPersonnePriseCharge,,"Motif du statut de la personne prise en charge",
https://mos.esante.gouv.fr/NOS/TRE_R359-SurspecialiteTransversale/FHIR/TRE-R359-SurspecialiteTransversale,20240531120000,active,"1.2.250.1.213.2.76",TRE_R359_SurspecialiteTransversale,,"Surspécialité (compétence) acquise par l'interne à l'issue d'une Formation Spécialisée Transversale (FST)",
https://mos.esante.gouv.fr/NOS/TRE_R36-AutreDiplomeObtenu/FHIR/TRE-R36-AutreDiplomeObtenu,20231215120000,active,"1.2.250.1.213.1.6.1.54",TRE_R36_AutreDiplomeObtenu,,"Autre diplôme obtenu",
https://mos.esante.gouv.fr/NOS/TRE_R368-StatutRessource/FHIR/TRE-R368-StatutRessource,20240927120000,active,"1.2.250.1.213.3.3.250",TRE_R368_StatutRessource,,"Caractérise le statut du processus d'évaluation de l'autonomie de l'usager par un professionnel de santé ou par lui-même lors d'une auto évaluation",
https://mos.esante.gouv.fr/NOS/TRE_R369_ProfilUtilisateurReferentielNational/FHIR/TRE-R369-ProfilUtilisateurReferentielNational,20241213120000,active,"1.2.250.1.213.3.3.255",TRE_R369_ProfilUtilisateurReferentielNational,,"Profils utilisateur d'un référentiel national",
https://mos.esante.gouv.fr/NOS/TRE_R37-TypeProfessionFonction/FHIR/TRE-R37-TypeProfessionFonction,20231215120000,active,"1.2.250.1.213.1.6.1.3",TRE_R37_TypeProfessionFonction,,"Type des professions et des fonctions",
https://mos.esante.gouv.fr/NOS/TRE_R38-SpecialiteOrdinale/FHIR/TRE-R38-SpecialiteOrdinale,20240531120000,active,"1.2.250.1.213.2.28",TRE_R38_SpecialiteOrdinale,,"Spécialité ordinale",
https://mos.esante.gouv.fr/NOS/TRE_R39-Competence/FHIR/TRE-R39-Competence,20240628120000,active,"1.2.250.1.213.2.29",TRE_R39_Competence,,"Compétence",
https://mos.esante.gouv.fr/NOS/TRE_R40-CompetenceExclusive/FHIR/TRE-R40-CompetenceExclusive,20231215120000,active,"1.2.250.1.213.2.30",TRE_R40_CompetenceExclusive,,"Compétence exclusive",
https://mos.esante.gouv.fr/NOS/TRE_R42-DESCnonQualifiant/FHIR/TRE-R42-DESCnonQualifiant,20240628120000,active,"1.2.250.1.213.2.32",TRE_R42_DESCnonQualifiant,,"Savoir-faire liés aux DESC du groupe 1 non qualifiants",
https://mos.esante.gouv.fr/NOS/TRE_R43-CapaciteSavoirFaire/FHIR/TRE-R43-CapaciteSavoirFaire,20231215120000,active,"1.2.250.1.213.2.33",TRE_R43_CapaciteSavoirFaire,,"Capacité (savoir-faire)",
https://mos.esante.gouv.fr/NOS/TRE_R44-QualificationPAC/FHIR/TRE-R44-QualificationPAC,20231215120000,active,"1.2.250.1.213.2.34",TRE_R44_QualificationPAC,,"Qualification de praticien adjoint contractuel",
https://mos.esante.gouv.fr/NOS/TRE_R45-FonctionQualifiee/FHIR/TRE-R45-FonctionQualifiee,20231215120000,active,"1.2.250.1.213.2.35",TRE_R45_FonctionQualifiee,,"Fonction qualifiée",
https://mos.esante.gouv.fr/NOS/TRE_R46-SpecialiteConcoursHospitalier/FHIR/TRE-R46-SpecialiteConcoursHospitalier,20231215120000,retired,"1.2.250.1.213.2.36",TRE_R46_SpecialiteConcoursHospitalier,,"Spécialité de concours hospitalier",
https://mos.esante.gouv.fr/NOS/TRE_R48-DiplomeEtatFrancais/FHIR/TRE-R48-DiplomeEtatFrancais,20240726120000,active,"1.2.250.1.213.1.6.1.31",TRE_R48_DiplomeEtatFrancais,,"Diplôme de l'Etat français",
https://mos.esante.gouv.fr/NOS/TRE_R49-DiplomeEtudeSpecialisee/FHIR/TRE-R49-DiplomeEtudeSpecialisee,20240531120000,active,"1.2.250.1.213.1.6.1.32",TRE_R49_DiplomeEtudeSpecialisee,,"Diplôme d'Etudes Spécialisées",
https://mos.esante.gouv.fr/NOS/TRE_R50-DESCGroupe1Diplome/FHIR/TRE-R50-DESCGroupe1Diplome,20231215120000,active,"1.2.250.1.213.1.6.1.48",TRE_R50_DESCGroupe1Diplome,,"DESC Groupe 1 (diplôme)",
https://mos.esante.gouv.fr/NOS/TRE_R51-DESCGroupe2Diplome/FHIR/TRE-R51-DESCGroupe2Diplome,20231215120000,active,"1.2.250.1.213.1.6.1.49",TRE_R51_DESCGroupe2Diplome,,"DESC Groupe 2 (diplôme)",
https://mos.esante.gouv.fr/NOS/TRE_R52-CapaciteDiplome/FHIR/TRE-R52-CapaciteDiplome,20231215120000,active,"1.2.250.1.213.1.6.1.50",TRE_R52_CapaciteDiplome,,"Capacité (diplôme)",
https://mos.esante.gouv.fr/NOS/TRE_R53-DiplomePaysEEE/FHIR/TRE-R53-DiplomePaysEEE,20231215120000,active,"1.2.250.1.213.1.6.1.51",TRE_R53_DiplomePaysEEE,,"Diplôme d'un pays de l'EEE",
https://mos.esante.gouv.fr/NOS/TRE_R54-DiplomeUniversiteInterUniversitaire/FHIR/TRE-R54-DiplomeUniversiteInterUniversitaire,20240726120000,active,"1.2.250.1.213.1.6.1.34",TRE_R54_DiplomeUniversiteInterUniversitaire,,"Diplôme d'Université ou Inter-Universitaire",
https://mos.esante.gouv.fr/NOS/TRE_R55-CertificatEtudeSpeciale/FHIR/TRE-R55-CertificatEtudeSpeciale,20231215120000,active,"1.2.250.1.213.1.6.1.52",TRE_R55_CertificatEtudeSpeciale,,"Certificat d'Etude Spéciale",
https://mos.esante.gouv.fr/NOS/TRE_R56-Attestation/FHIR/TRE-R56-Attestation,20240329120000,active,"1.2.250.1.213.1.6.1.27",TRE_R56_Attestation,,"Attestation",
https://mos.esante.gouv.fr/NOS/TRE_R57-DiplomeEuropeenEtudeSpecialisee/FHIR/TRE-R57-DiplomeEuropeenEtudeSpecialisee,20231215120000,active,"1.2.250.1.213.1.6.1.33",TRE_R57_DiplomeEuropeenEtudeSpecialisee,,"Diplôme Européen d'Etudes Spécialisées",
https://mos.esante.gouv.fr/NOS/TRE_R58-AutreTypeDiplome/FHIR/TRE-R58-AutreTypeDiplome,20240927120000,active,"1.2.250.1.213.1.6.1.53",TRE_R58_AutreTypeDiplome,,"Autre type de diplôme",
https://mos.esante.gouv.fr/NOS/TRE_R60-AutoriteEnregistrement/FHIR/TRE-R60-AutoriteEnregistrement,20240628120000,active,"1.2.250.1.213.1.6.1.57",TRE_R60_AutoriteEnregistrement,,"Autorité d'enregistrement",
https://mos.esante.gouv.fr/NOS/TRE_R62-Domaine/FHIR/TRE-R62-Domaine,20231215120000,active,"1.2.250.1.213.1.6.1.59",TRE_R62_Domaine,,"Domaine",
https://mos.esante.gouv.fr/NOS/TRE_R63-AgregatCategorieEtablissementNiv1/FHIR/TRE-R63-AgregatCategorieEtablissementNiv1,20231215120000,active,"1.2.250.1.213.1.6.1.5",TRE_R63_AgregatCategorieEtablissementNiv1,,"Agrégats de catégories d'établissements niveau 1",
https://mos.esante.gouv.fr/NOS/TRE_R64-AgregatCategorieEtablissementNiv2/FHIR/TRE-R64-AgregatCategorieEtablissementNiv2,20231215120000,active,"1.2.250.1.213.1.6.1.6",TRE_R64_AgregatCategorieEtablissementNiv2,,"Agrégats de catégories d'établissements niveau 2",
https://mos.esante.gouv.fr/NOS/TRE_R65-AgregatCategorieEtablissement/FHIR/TRE-R65-AgregatCategorieEtablissement,20240628120000,active,"1.2.250.1.213.1.6.1.7",TRE_R65_AgregatCategorieEtablissement,,"Agrégat de catégories d'établissements",
https://mos.esante.gouv.fr/NOS/TRE_R66-CategorieEtablissement/FHIR/TRE-R66-CategorieEtablissement,20241025120000,active,"1.2.250.1.213.1.6.1.8",TRE_R66_CategorieEtablissement,,"Catégorie d'établissements",
https://mos.esante.gouv.fr/NOS/TRE_R67-TypeStructure-EJ-EG/FHIR/TRE-R67-TypeStructure-EJ-EG,20231215120000,active,"1.2.250.1.213.1.6.1.62",TRE_R67_TypeStructure_EJ_EG,,"Type de structure",
https://mos.esante.gouv.fr/NOS/TRE_R68-FinessAgregatStatutJuridiqueNiv1/FHIR/TRE-R68-FinessAgregatStatutJuridiqueNiv1,20231215120000,active,"1.2.250.1.213.1.6.1.63",TRE_R68_FinessAgregatStatutJuridiqueNiv1,,"Agrégats de statuts juridiques FINESS niveau 1",
https://mos.esante.gouv.fr/NOS/TRE_R69-FinessAgregatStatutJuridiqueNiv2/FHIR/TRE-R69-FinessAgregatStatutJuridiqueNiv2,20231215120000,active,"1.2.250.1.213.1.6.1.64",TRE_R69_FinessAgregatStatutJuridiqueNiv2,,"Agrégats de statuts juridiques FINESS niveau 2",
https://mos.esante.gouv.fr/NOS/TRE_R70-FinessAgregatStatutJuridique/FHIR/TRE-R70-FinessAgregatStatutJuridique,20231215120000,active,"1.2.250.1.213.1.6.1.65",TRE_R70_FinessAgregatStatutJuridique,,"Agrégat de statuts juridiques FINESS",
https://mos.esante.gouv.fr/NOS/TRE_R72-FinessStatutJuridique/FHIR/TRE-R72-FinessStatutJuridique,20240329120000,active,"1.2.250.1.213.1.6.1.44",TRE_R72_FinessStatutJuridique,,"Statuts juridiques provenant de FINESS, excepté pour les codes 000 et 100 à 110 qui ont été ajoutés pour les besoins du RPPS en 2017.",
https://mos.esante.gouv.fr/NOS/TRE_R73-ESPIC/FHIR/TRE-R73-ESPIC,20231215120000,active,"1.2.250.1.213.1.6.1.45",TRE_R73_ESPIC,,"Etablissement de santé privé d'intérêt collectif",
https://mos.esante.gouv.fr/NOS/TRE_R74-ModeFixationTarifaire/FHIR/TRE-R74-ModeFixationTarifaire,20240223120000,active,"1.2.250.1.213.1.6.1.46",TRE_R74_ModeFixationTarifaire,,"Mode de fixation tarifaire",
https://mos.esante.gouv.fr/NOS/TRE_R75-InseeNAFrev2Niveau5/FHIR/TRE-R75-InseeNAFrev2Niveau5,20231215120000,active,"1.2.250.1.213.1.6.1.47",TRE_R75_InseeNAFrev2Niveau5,,"Sous-classes de la Nomenclature d'Activités Française - INSEE",
https://mos.esante.gouv.fr/NOS/TRE_R78-ProfilAccesReferentiel/FHIR/TRE-R78-ProfilAccesReferentiel,20231215120000,active,"1.2.250.1.213.1.6.1.66",TRE_R78_ProfilAccesReferentiel,,"Profil d'accès aux référentiels",
https://mos.esante.gouv.fr/NOS/TRE_R81-Civilite/FHIR/TRE-R81-Civilite,20231215120000,active,"1.2.250.1.213.1.6.1.69",TRE_R81_Civilite,,"Civilité",
https://mos.esante.gouv.fr/NOS/TRE_R82-Ordre/FHIR/TRE-R82-Ordre,20231215120000,active,"1.2.250.1.213.1.6.1.70",TRE_R82_Ordre,,"Ordre",
https://mos.esante.gouv.fr/NOS/TRE_R84-ProfilAccesAnnuaire-MSSante/FHIR/TRE-R84-ProfilAccesAnnuaire-MSSante,20231215120000,active,"1.2.250.1.213.1.9.1.1",TRE_R84_ProfilAccesAnnuaire_MSSante,,"Profil d'accès à l'annuaire MSSante",
https://mos.esante.gouv.fr/NOS/TRE_R85-RolePriseCharge/FHIR/TRE-R85-RolePriseCharge,20241213120000,active,"1.2.250.1.213.1.6.1.107",TRE_R85_RolePriseCharge,,"Rôle dans la prise en charge des patients ou des usagers",
https://mos.esante.gouv.fr/NOS/TRE_R86-ProfilVIHF/FHIR/TRE-R86-ProfilVIHF,20231215120000,active,"1.2.250.1.213.1.1.4.312",TRE_R86_ProfilVIHF,,"Profil VIHF d'accès",
https://mos.esante.gouv.fr/NOS/TRE_R87-TypeCarte/FHIR/TRE-R87-TypeCarte,20231215120000,active,"1.2.250.1.213.1.6.1.106",TRE_R87_TypeCarte,,"Type de carte",
https://mos.esante.gouv.fr/NOS/TRE_R88-TerritoireSante/FHIR/TRE-R88-TerritoireSante,20231215120000,active,"1.2.250.1.213.1.6.1.104",TRE_R88_TerritoireSante,,"Territoire de Santé (au sens ARS) en France",
https://mos.esante.gouv.fr/NOS/TRE_R89-RegroupementPays/FHIR/TRE-R89-RegroupementPays,20231215120000,active,"1.2.250.1.213.2.48",TRE_R89_RegroupementPays,,"Regroupement de pays",
https://mos.esante.gouv.fr/NOS/TRE_R90-TypeAE/FHIR/TRE-R90-TypeAE,20231215120000,active,"1.2.250.1.213.1.6.1.74",TRE_R90_TypeAE,,"Type Autorité d'enregistrement",
https://mos.esante.gouv.fr/NOS/TRE_R94-ProfessionSocial/FHIR/TRE-R94-ProfessionSocial,20241213120000,active,"1.2.250.1.213.1.6.1.4",TRE_R94_ProfessionSocial,,"Profession du social",
https://mos.esante.gouv.fr/NOS/TRE_R95-UsagerTitre/FHIR/TRE-R95-UsagerTitre,20241213120000,active,"1.2.250.1.213.1.6.1.109",TRE_R95_UsagerTitre,,"Usager de titre professionnel",
https://mos.esante.gouv.fr/NOS/TRE_R96-AutreFonctionSanitaire/FHIR/TRE-R96-AutreFonctionSanitaire,20231215120000,active,"1.2.250.1.213.1.6.1.110",TRE_R96_AutreFonctionSanitaire,,"Autres fonctions du domaine sanitaire",
https://mos.esante.gouv.fr/NOS/TRE_R97-DroitExerciceCompl/FHIR/TRE-R97-DroitExerciceCompl,20231215120000,active,"1.2.250.1.213.1.6.1.111",TRE_R97_DroitExerciceCompl,,"Droit d'exercice complémentaire",
https://smt.esante.gouv.fr/fhir/CodeSystem/1.2.250.1.213.1.1.4.322,202501130000,active,"1.2.250.1.213.1.1.4.322",TA_ASIP,,"TA_ASIP Version 1.98",
https://smt.esante.gouv.fr/terminologie-SERAFINPH,2023.1.0,active,,SERAFIN_PH,Nomenclature des besoins et des prestations,"Les nomenclatures des besoins et des prestations ont été élaborées par un groupe de travail issu du projet SERAFIN-PH porté par la Caisse nationale de Solidarité pour l’Autonomie (CNSA) et la Direction Générale de la Cohésion Sociale (DGCS). Elles permettent de décrire, sur la base d’un langage commun, les besoins identifiés des personnes, et les prestations réalisées en réponse à ces besoins. Les usages locaux de ces nomenclatures montrent leur pertinence pour nouer autour des projets personnalisés d’accompagnement et de leurs déclinaisons opérationnelles un dialogue soutenu et permanent entre tous les acteurs concernés, de la personne accompagnée aux structures médico-sociales, acteurs de droit commun et jusqu’aux institutions de régulation (ARS, services déconcentrés et collectivités locales).",
https://smt.esante.gouv.fr/terminologie-atc,2024-02,active,"2.16.840.1.113883.6.73",ATC,Anatomique, Thérapeutique et Chimique,"",
https://smt.esante.gouv.fr/terminologie-bdpm,2025-02-05,active,,BDPM,Base de données publique du médicament,"",
https://smt.esante.gouv.fr/terminologie-ccam,v78,active,"1.2.250.1.215.300.1",CCAM,Classification Commune des Actes Médicaux,"",
https://smt.esante.gouv.fr/terminologie-cim-10,2025-01-01,active,"2.16.840.1.113883.6.3",CIM_10_FR_PMSI,Classification internationale des maladies 10eme révision, version française à usage PMSI (Programme Médicalisé des Systèmes d'Information),"",
https://smt.esante.gouv.fr/terminologie-cim11-mms,2024-01,active,"2.16.840.1.113883.6.347",CIM11_MMS,Classification internationale des maladies (11eme révision). Linéarisation pour les statistiques de morbi-mortalité,"",
https://smt.esante.gouv.fr/terminologie-cisp,2019-05,active,"2.16.840.1.113883.6.139",CISP_2,Classification Internationale des Soins Primaires v2,"",
https://smt.esante.gouv.fr/terminologie-cladimed,v15,active,"1.2.250.1.213.2.65",CLADIMED,,"",
https://smt.esante.gouv.fr/terminologie-emdn,v1.2,active,"1.2.250.1.213.2.68",EMDN,,"",
https://smt.esante.gouv.fr/terminologie-lahn,2024 v1.0,active,,LAHN,Liste des Actes Inovants Hors Nomenclature,"La liste des actes innovants hors nomenclature (LAHN), a été mise en place par la direction générale de l’offre de soins (DGOS) en 2024, dans le cadre du développement de l’innovation en santé,  en remplacement du dispositif RIHN plus liste complémentaire. La LAHN en est la fusion.  L’objectif est de soutenir l’innovation et de la dynamiser par une prise en charge et une évaluation rapide des actes innovant. La LAHN contient une liste d’actes innovants (biologie et anatomocytopathologie) pris en charge à titre transitoire moyennant un recueil de données pour leur évaluation.",
https://smt.esante.gouv.fr/terminologie-nabm,V94,active,,NABM,Nomenclature des actes de biologie médicale,"",
https://smt.esante.gouv.fr/terminologie-nuva,1.0.854,active,"1.3.6.1.4.1.48601.1",NUVA,Nomenclature Unifiée des Vaccins,"",
https://smt.esante.gouv.fr/terminologie-sms,2025-02,active,"2.16.840.1.113883.3.6905.2",Dictionnaire_SMS_Substance_Management_Services_,Dictionnaire européen multilingue des substances entrant dans la composition de médicaments,"",
https://smt.esante.gouv.fr/terminologie-standardterms,2024-06-20,active,"0.4.0.127.0.16.1.1.2.1",EDQM___Standard_Terms,,"",
